Toni,Bergstrom,elizabeth@schroederoconner.com,1-161-784-9161 x669,2016-11-21 17:11:02 -0600
Allen,Denesik,josefa.huel@gleason.net,781.843.7850 x393,2016-11-13 17:11:05 -0600
Theresia,Wilderman,edythe_trantow@breitenberg.net,(320) 963-9302,2016-11-12 19:38:16 -0600
Damien,Gerhold,creola.jacobs@deckowsipes.biz,280.214.2397,2016-11-11 19:00:02 -0600
Zion,Mayer,jeanne.hayes@kozey.com,(162) 059-7699 x42107,2016-11-21 17:45:35 -0600
Cleve,Dietrich,shanon@lueilwitz.net,200-935-3390,2016-11-12 21:44:25 -0600
Isidro,Rath,hailee@purdyherzog.net,885-780-2087 x3293,2016-11-14 19:04:36 -0600
Jeanette,Schamberger,precious@champlin.io,871.467.8884 x16750,2016-11-21 20:30:38 -0600
Delpha,Larson,savion.okon@deckowjones.biz,624.550.8193 x512,2016-11-18 20:09:04 -0600
Morgan,Blanda,morgan@yes.com,1-231-091-8837 x25671,2016-11-12 19:18:00 -0600
